applicant_email	first_name	last_name	applicant_phone	household_size	state_abbrev	city	street	zip_code
abayless@rangreen.com	Allene	Bayless	1858816896	4	CA	Sacramento	4702 6-street	59495
adevreese@codehow.com	Annelle	Devreese	1184615983	3	TX	Dallas	1779 8-street	69722
afrankel@plexzap.com	Alex	Frankel	6311142121	4	NC	Irvine	1022 10-street	98148
ajuhas@year-job.com	Ahmed	Juhas	549819957	4	NJ	Greensboro	147 12-street	60859
akampa@zumgoity.com	Alecia	Kampa	4656996752	3	OH	Stockton	5815 16-street	20038
amai@openlane.com	Albina	Mai	3915729799	4	NC	Irvine	6402 7-street	16724
amirafuentes@inity.com	Arthur	Mirafuentes	7246136902	3	OK	Baltimore	7271 10-street	82373
apoullion@year-job.com	Aliza	Poullion	6133181891	3	NJ	Greensboro	1018 7-street	25874
aradde@hottechi.com	Albina	Radde	8838940722	4	VA	Boise City	3937 2-street	91253
asilvestrini@bioholding.com	Angella	Silvestrini	8941625714	3	NM	Milwaukee	7135 16-street	16976
asweigard@kinnamplus.com	Abel	Sweigard	5792911269	4	TX	Madison	5507 17-street	37894
avillanueva@funholding.com	Art	Villanueva	3106979904	4	MN	Cincinnati	7144 4-street	59869
bcorbley@isdom.com	Barbra	Corbley	508659064	4	MI	Detroit	9719 5-street	2259
bhamilton@kan-code.com	Benton	Hamilton	9157430255	4	AZ	Chesapeake	4044 6-street	9268
bkoppinger@kan-code.com	Benedict	Koppinger	1122477649	4	AZ	Albuquerque	9360 12-street	54420
blindall@gogozoom.com	Benton	Lindall	4433941616	5	WI	Las Vegas	424 13-street	46779
bpatak@ganjaflex.com	Belen	Patak	9556821151	4	NC	Toledo	279 21-street	47000
bsamu@labdrill.com	Bernardine	Samu	6249483813	1	AZ	Albuquerque	1773 2-street	5137
cauffrey@lexiqvolax.com	Ceola	Auffrey	2121773336	1	TX	Houston	5021 12-street	23964
cbenimadho@newex.com	Chauncey	Benimadho	5214569084	4	CA	Jersey City	9541 13-street	21515
cbreland@sumace.com	Cherry	Breland	9317802029	4	FL	Raleigh	6821 18-street	14584
ccanlas@labdrill.com	Caprice	Canlas	6908583441	3	KS	Cleveland	7044 16-street	53850
cgehrett@codehow.com	Colette	Gehrett	1056870207	4	MN	Oakland	1116 4-street	58392
cgellinger@silis.com	Carmela	Gellinger	3803135216	3	NE	Henderson	5870 1-street	97682
chudnall@zoomit.com	Catalina	Hudnall	614167913	3	NE	Colorado Springs	2178 2-street	69936
cpaskin@mathtouch.com	Caprice	Paskin	7447858316	3	IN	Chula Vista	9653 15-street	26251
cshinko@scotfind.com	Carmen	Shinko	8174766788	5	TN	Boston	8293 14-street	79595
cslayton@openlane.com	Cecil	Slayton	5269238933	3	IL	Chicago	4847 16-street	93504
ctheodorov@groovestreet.com	Chau	Theodorov	300408722	4	FL	Fort Wayne	8223 19-street	78627
cvillanueva@isdom.com	Casie	Villanueva	9687118467	1	IN	Chula Vista	143 6-street	33655
cvonasek@stanredtax.com	Caprice	Vonasek	454869267	4	IN	Indianapolis	7931 7-street	99225
cwalthall@year-job.com	Cordelia	Walthall	757282507	5	CA	Jersey City	8410 6-street	15889
cwenner@betatech.com	Cyril	Wenner	3863943669	4	TX	Newark	5232 12-street	9638
darias@treequote.com	Dalene	Arias	4426037192	2	VA	Reno	9040 4-street	58651
dblunk@dalttechnology.com	Devorah	Blunk	6801289414	3	CA	Lubbock	2818 4-street	47314
dfelger@faxquote.com	Donette	Felger	9277101645	4	PA	Lexington-Fayette	7524 21-street	61340
dhoffis@zotware.com	Dean	Hoffis	2355966037	3	CA	Lubbock	1439 18-street	53777
dlueckenbach@opentech.com	Dierdre	Lueckenbach	2156704547	4	NY	Lincoln	6362 14-street	60214
dmoyd@labdrill.com	Dorthy	Moyd	4693228016	4	VA	Mesa	5887 16-street	78558
dnestle@treequote.com	Diane	Nestle	3685765681	4	CO	Denver	5599 5-street	56563
drestrepo@xx-zobam.com	Delisa	Restrepo	1429348905	3	CA	North Las Vegas	8036 9-street	28095
drulapaugh@mathtouch.com	Derick	Rulapaugh	9488675087	1	TX	Dallas	1903 16-street	22120
dstaback@warephase.com	Dalene	Staback	1631922359	5	TX	Austin	8489 15-street	92242
ebaltimore@singletechno.com	Elouise	Baltimore	1728361485	2	MI	Detroit	2306 12-street	85397
eburnard@mathtouch.com	Eden	Burnard	9353320487	4	NC	Charlotte	7754 16-street	89983
ecanlas@conecom.com	Ezekiel	Canlas	2101259317	5	CA	Anaheim	3817 11-street	22421
ecoyier@hatfan.com	Eladia	Coyier	285037145	3	WI	Las Vegas	603 17-street	60568
erowling@j-texon.com	Erick	Rowling	6850141056	3	FL	Fort Wayne	7582 7-street	97639
esergi@cancity.com	Eladia	Sergi	821844060	3	NJ	Greensboro	9640 11-street	73397
fankeny@domzoom.com	Fabiola	Ankeny	1323733433	3	CA	Miami	1004 8-street	46659
ffelger@plusstrip.com	Francine	Felger	7829441645	4	NJ	Buffalo	6796 11-street	32520
ffritz@zumgoity.com	Felicidad	Fritz	1674988389	2	TX	Wichita	8038 6-street	47216
fshinko@inity.com	Fabiola	Shinko	509031678	4	NC	Irvine	8936 18-street	99269
fvarriano@mathtouch.com	Fatima	Varriano	9745941406	4	NV	Portland	244 2-street	14295
gangalich@rundofase.com	Georgene	Angalich	8238717382	3	TX	Wichita	3206 4-street	14493
gcousey@gogozoom.com	Gearldine	Cousey	1779487832	3	FL	Orlando	6177 13-street	10818
gcousey@groovestreet.com	Gertude	Cousey	6762288681	5	MD	Nashville-Davidson	3171 20-street	86587
giturbide@rangreen.com	Glory	Iturbide	6421927893	6	OK	Minneapolis	2186 16-street	8761
gjurney@rantouch.com	Goldie	Jurney	2842761166	5	NM	Milwaukee	7927 13-street	43443
gschnitzler@ron-tech.com	Garry	Schnitzler	7719104026	4	CA	Sacramento	2088 19-street	24313
hhellickson@isdom.com	Haydee	Hellickson	5930662838	2	VA	Reno	5164 21-street	63202
hkardas@dambase.com	Helene	Kardas	5638637354	4	GA	Virginia Beach	8592 4-street	7679
hmartabano@fasehatice.com	Helaine	Martabano	4691068097	3	LA	Arlington	7051 13-street	79787
hvocelka@yearin.com	Hermila	Vocelka	3781826175	4	CA	San Diego	9055 18-street	54330
imcnease@j-texon.com	Iluminada	Mcnease	4708877275	9	VA	Reno	3349 2-street	59919
jcallaro@blackzim.com	Jesusa	Callaro	754134790	5	CA	San Diego	4916 20-street	90497
jkitty@nam-zim.com	Janey	Kitty	1448589066	2	IL	Chicago	5411 5-street	15967
jkusko@bioplex.com	Jovita	Kusko	7813659453	5	MN	Oakland	9561 11-street	36823
jleinenbach@singletechno.com	Judy	Leinenbach	3150405092	4	MO	Long Beach	4103 9-street	89455
jmoyd@bioholding.com	Jennie	Moyd	4780905895	4	TX	Houston	1805 15-street	76328
jperez@groovestreet.com	Junita	Perez	1187497771	4	AZ	Irving	5437 3-street	89091
jtoyama@hottechi.com	Jacqueline	Toyama	1308155511	5	CA	New Orleans	9345 14-street	40609
jyglesias@betasoloin.com	Jesusa	Yglesias	4338089669	4	VA	Boise City	2251 5-street	82523
jyglesias@finjob.com	Joseph	Yglesias	4143321357	4	VA	Reno	5866 13-street	67453
jyglesias@xx-zobam.com	Jaclyn	Yglesias	7577634102	4	CA	St. Louis	237 5-street	43201
kagramonte@plexzap.com	Kayleigh	Agramonte	561527519	3	CA	Sacramento	5226 6-street	63323
kblackwood@kan-code.com	Karl	Blackwood	6783370062	4	TN	Boston	5277 10-street	55735
kcaiafa@ganjaflex.com	Kate	Caiafa	838982647	4	MO	Santa Ana	5674 20-street	44676
kdemesa@scottech.com	Kate	Demesa	550384202	4	NC	Omaha	8860 10-street	35873
kstockham@zoomit.com	Kimberlie	Stockham	3101242112	3	MN	Oakland	8137 11-street	55300
lbatman@newex.com	Leatha	Batman	3698396406	1	VA	Reno	1980 6-street	94963
lbiddy@toughzap.com	Lucina	Biddy	189723374	3	HI	Tampa	2824 3-street	97032
lbrachle@plexzap.com	Lindsey	Brachle	8934885606	3	OR	Louisville/Jefferson County	2795 3-street	40528
lfrankel@betatech.com	Lynelle	Frankel	1347199209	4	NY	New York	6416 15-street	49667
lgillaspie@zencorporation.com	Lavonna	Gillaspie	7169318809	4	LA	Arlington	6374 8-street	14248
lhamilton@donware.com	Lauran	Hamilton	734242672	4	MI	Detroit	7069 14-street	51961
lisaacs@scottech.com	Laurel	Isaacs	8371931174	4	IN	Chula Vista	4393 7-street	39859
lmallett@sonron.com	Lonna	Mallett	6353751110	2	CO	Atlanta	2123 8-street	64922
lmonarrez@doncon.com	Lettie	Monarrez	8456658067	2	MN	Oakland	1094 6-street	46644
lpinilla@condax.com	Loren	Pinilla	3409434682	3	AZ	Chesapeake	6784 19-street	51116
lshinko@plussunin.com	Lavera	Shinko	9628504210	2	NJ	Greensboro	4748 21-street	32233
lthreets@singletechno.com	Leota	Threets	2866969238	4	IL	Chicago	1603 1-street	93298
lworlds@hottechi.com	Lemuel	Worlds	5105185490	4	NV	Plano	2359 17-street	95319
lwrinkles@streethex.com	Larae	Wrinkles	626820397	4	IN	Indianapolis	7667 13-street	98342
maquas@cancity.com	Mireya	Aquas	7453646809	8	NY	Lincoln	694 21-street	76876
marias@zotware.com	Minna	Arias	4317079269	4	ID	Fremont	4175 4-street	44485
mchesterfield@plussunin.com	My	Chesterfield	9401878033	4	AK	Pittsburgh	1325 8-street	7950
mclaucherty@zoomit.com	Markus	Claucherty	4458979593	4	OK	Minneapolis	3548 10-street	55451
mcloney@xx-holding.com	Merissa	Cloney	6629042151	3	PA	Philadelphia	6454 18-street	40459
mgillaspie@cancity.com	Maile	Gillaspie	8248595509	3	TX	Glendale	8859 7-street	19124
mmauson@zathunicon.com	Minna	Mauson	1522846875	2	LA	Gilbert	215 18-street	81474
mpaa@zotware.com	Ma	Paa	3784160350	3	MD	Nashville-Davidson	2314 8-street	45259
mpalaspas@iselectrics.com	Markus	Palaspas	4184402236	4	KS	Cleveland	9487 7-street	17954
mriden@finhigh.com	Mitsue	Riden	2358458859	3	VA	Boise City	9291 4-street	26431
mvanheusen@conecom.com	Mireya	Vanheusen	9551340748	4	NV	Portland	5318 7-street	75851
mwenner@scotfind.com	Moon	Wenner	237558919	3	TX	Fort Worth	6325 3-street	7132
ndelasancha@scotfind.com	Nana	Delasancha	2771198994	4	WA	Seattle	300 21-street	93325
nharnos@konex.com	Nan	Harnos	3448674998	3	KY	Oklahoma City	4291 12-street	69921
nsuell@kinnamplus.com	Nan	Suell	2829573406	4	NV	Plano	3058 2-street	61988
ntagala@j-texon.com	Natalie	Tagala	6633725722	4	NE	Colorado Springs	2234 7-street	81205
omulqueen@donware.com	Olive	Mulqueen	864356658	4	CO	Atlanta	284 15-street	58952
pbevelacqua@iselectrics.com	Pamella	Bevelacqua	361925374	3	TX	Chandler	7720 15-street	4693
qcantres@lexiqvolax.com	Quentin	Cantres	1133701359	3	AZ	Albuquerque	9835 16-street	819
rhoa@iselectrics.com	Rickie	Hoa	1871705214	4	TN	Memphis	6966 12-street	71514
rmonarrez@opentech.com	Rhea	Monarrez	7916407234	2	NV	Scottsdale	3730 13-street	89050
rslusarski@singletechno.com	Rhea	Slusarski	1636040546	4	OK	Baltimore	5501 1-street	14490
scloney@konmatfix.com	Samira	Cloney	2940465834	5	VA	Laredo	131 16-street	16829
sfeichtner@donware.com	Serina	Feichtner	5212187117	1	TX	Austin	9741 15-street	79965
sfeichtner@stanredtax.com	Stephane	Feichtner	842700922	9	NV	Plano	3532 5-street	56958
sgudroe@cancity.com	Sylvie	Gudroe	1780788415	4	CA	Anchorage	6299 12-street	16
sheintzman@blackzim.com	Sheridan	Heintzman	1404216556	4	CO	Honolulu	6992 4-street	59154
snachor@xx-holding.com	Shawna	Nachor	9481709095	4	TX	Fort Worth	703 20-street	58757
spawlowicz@warephase.com	Simona	Pawlowicz	5550984454	2	CA	St. Louis	5099 17-street	11358
srowling@j-texon.com	Sylvia	Rowling	407203185	3	CA	Anchorage	5749 15-street	4338
ssaras@sumace.com	Sharika	Saras	5677681585	4	KS	Cleveland	6054 1-street	99374
sshealy@statholdings.com	Sue	Shealy	9186078478	2	NE	Colorado Springs	189 14-street	18776
tasar@stanredtax.com	Tiera	Asar	5211509221	4	KY	Oklahoma City	8763 21-street	90429
tbutt@blackzim.com	Tiffiny	Butt	6368127228	5	VA	Mesa	2431 3-street	26201
tdelasancha@warephase.com	Tiffiny	Delasancha	4773053477	3	NV	Portland	3212 1-street	69561
teroman@iselectrics.com	Teri	Eroman	228277713	3	NC	Irvine	4636 12-street	34186
tfelger@j-texon.com	Tonette	Felger	9600291206	4	NM	Milwaukee	41 18-street	37803
tgotter@treequote.com	Teddy	Gotter	1289962006	3	NY	Lincoln	9943 1-street	9343
tharnos@donquadtech.com	Tracey	Harnos	2238915381	3	TX	Dallas	538 8-street	57816
thoopengardner@conecom.com	Terrilyn	Hoopengardner	1654011513	3	MO	Long Beach	1946 17-street	83442
tkitzman@dambase.com	Tyra	Kitzman	9906905083	4	AZ	Kansas City	1155 6-street	71797
tmirafuentes@statholdings.com	Theola	Mirafuentes	1638500521	3	CO	Denver	4368 9-street	63593
tpalaspas@hatfan.com	Tiffiny	Palaspas	3972596135	1	NY	Lincoln	2566 17-street	45624
tsawchuk@condax.com	Tyra	Sawchuk	690497079	4	TX	Madison	1174 11-street	80630
ttomasulo@dambase.com	Tawna	Tomasulo	2714886282	3	CO	Atlanta	6140 3-street	51649
vauffrey@groovestreet.com	Virgie	Auffrey	915824730	3	TX	Madison	8887 12-street	18161
vdiestel@green-plus.com	Virgie	Diestel	2349069526	3	TX	San Antonio	7346 18-street	66888
vkorando@rantouch.com	Virgie	Korando	9702334510	4	TX	Austin	9844 7-street	20340
wfelger@sumace.com	Wilda	Felger	1351656195	3	NC	Omaha	6167 17-street	98366
wnestle@bioholding.com	Winfred	Nestle	4740604079	2	CA	Miami	7001 7-street	77871
wsimilton@xx-holding.com	Willodean	Similton	6669896665	6	VA	Reno	3123 17-street	7335
xmcnease@groovestreet.com	Xochitl	Mcnease	1795394285	4	TX	Houston	3080 13-street	34847
xnunlee@gogozoom.com	Xochitl	Nunlee	5807163154	4	AZ	Phoenix	8931 6-street	74966
yvonasek@yearin.com	Youlanda	Vonasek	7458488111	3	MO	Santa Ana	4825 19-street	28988
zmyricks@isdom.com	Zona	Myricks	1938159382	3	IN	Chula Vista	5025 2-street	37737